[
      {
        "ProductURL": "navy-melange-ankle-socks-7002",
        "Collection": "USA Originals",
        "AvailableSizes": "FREE SIZE",
        "ProductId": 7102,
        "ProductCode": "610377140",
        "Images": "7002_navymel11.jpg|7002_navymel21.jpg|7002_navymel31.jpg|7002_navymel41.jpg",
        "ListImagePath": "https://static05.jockey.in/uploads/dealimages/7102/zoomimages/7002_navymel11.jpg",
        "SmallImagePath": "https://Static05.Jockeyindia.com/uploads/dealimages/7102/smallimages/",
        "MRP": 119,
        "Price": 119,
        "ProductTitle": "Navy Melange Ankle Socks",
        "StyleName": "Ankle Socks",
        "StyleNumber": "7002",
        "SortOrder": 1,
        "NumberofPieces": 1,
        "NetQuantity": 2,
        "ListId": "7002 1",
        "ViewCount": 66583,
        "MinimumPrice": 119,
        "ProductTypeId": 2,
        "ColorsCount": 0,
        "IsComingSoon": false,
        "ROSValue": 17,
        "IsKidsProduct": false,
        "IsNew": false,
        "IsBestSeller": false,
        "IsExtra": false,
        "IsExclusive": false,
        "IsTrending": false,
        "TagPriority": ""
      },
      {
        "ProductURL": "assorted-men-ankle-socks-7034",
        "Collection": "Sport",
        "AvailableSizes": "FREE SIZE",
        "ProductId": 10050,
        "ProductCode": "1804288282",
        "Images": "assorted-men-ankle-socks-7034-15.jpg|assorted-men-ankle-socks-7034-14.jpg|assorted-men-ankle-socks-7034-13.jpg|assorted-men-ankle-socks-7034-12.jpg|assorted-men-ankle-socks-7034-11.jpg|assorted-men-ankle-socks-7034-10.jpg|assorted-men-ankle-socks-7034-9.jpg",
        "ListImagePath": "https://5.imimg.com/data5/NS/CI/MY-14362409/jockey-khaki-men-ankle-socks-500x500.png",
        "SmallImagePath": "https://Static05.Jockeyindia.com/uploads/dealimages/10050/smallimages/",
        "MRP": 139,
        "Price": 139,
        "ProductTitle": "Assorted Men Ankle Socks",
        "StyleName": "Men Ankle Socks",
        "StyleNumber": "7034",
        "SortOrder": 1,
        "NumberofPieces": 1,
        "NetQuantity": 2,
        "ListId": "7034 1",
        "ViewCount": 11,
        "MinimumPrice": 139,
        "ProductTypeId": 2,
        "ColorsCount": 0,
        "IsComingSoon": false,
        "ROSValue": 13,
        "IsKidsProduct": false,
        "IsNew": true,
        "IsBestSeller": false,
        "IsExtra": false,
        "IsExclusive": false,
        "IsTrending": false,
        "TagPriority": "New"
      },
      {
        "ProductURL": "black-modern-trunk-8015",
        "Collection": "Modern Classic",
        "AvailableSizes": "M,XL",
        "ProductId": 5309,
        "ProductCode": "51699762",
        "Images": "8015_black_1.jpg|8015_black_2.jpg|8015_black_3.jpg|8015_black_4.jpg|black-modern-trunk-8015-1.jpg",
        "ListImagePath": "https://static05.jockey.in/uploads/dealimages/5309/zoomimages/8015_black_1.jpg",
        "SmallImagePath": "https://Static05.Jockeyindia.com/uploads/dealimages/5309/smallimages/",
        "MRP": 199,
        "Price": 199,
        "ProductTitle": "Black Modern Trunk",
        "StyleName": "Modern Trunk",
        "StyleNumber": "8015",
        "SortOrder": 1,
        "NumberofPieces": 1,
        "NetQuantity": 1,
        "ListId": "8015 1",
        "ViewCount": 44945,
        "MinimumPrice": 199,
        "ProductTypeId": 2,
        "ColorsCount": 0,
        "IsComingSoon": false,
        "ROSValue": 10,
        "IsKidsProduct": false,
        "IsNew": false,
        "IsBestSeller": false,
        "IsExtra": false,
        "IsExclusive": false,
        "IsTrending": false,
        "TagPriority": ""
      },
      {
        "ProductURL": "navy-men-crew-socks-7035",
        "Collection": "Sport",
        "AvailableSizes": "FREE SIZE",
        "ProductId": 6759,
        "ProductCode": "570168832",
        "Images": "7035_navy111.jpg|7035_navy211.jpg|7035_navy311.jpg|7035_navy411.jpg",
        "ListImagePath": "https://static05.jockey.in/uploads/dealimages/6759/listimages/7035_navy111.jpg",
        "SmallImagePath": "https://Static05.Jockeyindia.com/uploads/dealimages/6759/smallimages/",
        "MRP": 139,
        "Price": 139,
        "ProductTitle": "Navy Men Crew Socks",
        "StyleName": "Men Crew Socks",
        "StyleNumber": "7035",
        "SortOrder": 1,
        "NumberofPieces": 1,
        "NetQuantity": 2,
        "ListId": "7035 1",
        "ViewCount": 19364,
        "MinimumPrice": 139,
        "ProductTypeId": 2,
        "ColorsCount": 0,
        "IsComingSoon": false,
        "ROSValue": 7,
        "IsKidsProduct": false,
        "IsNew": false,
        "IsBestSeller": false,
        "IsExtra": false,
        "IsExclusive": false,
        "IsTrending": false,
        "TagPriority": ""
      },
      {
        "ProductURL": "black-men-crew-socks-7035",
        "Collection": "Sport",
        "AvailableSizes": "FREE SIZE",
        "ProductId": 5966,
        "ProductCode": "333129410",
        "Images": "7035_black111.jpg|7035_black21.jpg|7035_black31.jpg|7035_black41.jpg",
        "ListImagePath": "https://static05.jockey.in/uploads/dealimages/5966/detailimages/7035_black111.jpg",
        "SmallImagePath": "https://Static05.Jockeyindia.com/uploads/dealimages/5966/smallimages/",
        "MRP": 139,
        "Price": 139,
        "ProductTitle": "Black Men Crew Socks",
        "StyleName": "Men Crew Socks",
        "StyleNumber": "7035",
        "SortOrder": 1,
        "NumberofPieces": 1,
        "NetQuantity": 2,
        "ListId": "7035 1",
        "ViewCount": 23204,
        "MinimumPrice": 139,
        "ProductTypeId": 2,
        "ColorsCount": 0,
        "IsComingSoon": false,
        "ROSValue": 7,
        "IsKidsProduct": false,
        "IsNew": false,
        "IsBestSeller": false,
        "IsExtra": false,
        "IsExclusive": false,
        "IsTrending": false,
        "TagPriority": ""
      },
      {
        "ProductURL": "khaki-men-ankle-socks-7036",
        "Collection": "Sport",
        "AvailableSizes": "FREE SIZE",
        "ProductId": 7148,
        "ProductCode": "1488784501",
        "Images": "7036_khaki11.jpg|7036_khaki21.jpg|7036_khaki31.jpg|7036_khaki41.jpg",
        "ListImagePath": "https://static05.jockey.in/uploads/dealimages/7147/zoomimages/7035_khaki21.jpg",
        "SmallImagePath": "https://Static05.Jockeyindia.com/uploads/dealimages/7148/smallimages/",
        "MRP": 139,
        "Price": 139,
        "ProductTitle": "Khaki Men Ankle Socks",
        "StyleName": "Men Ankle Socks",
        "StyleNumber": "7036",
        "SortOrder": 1,
        "NumberofPieces": 1,
        "NetQuantity": 2,
        "ListId": "7036 1",
        "ViewCount": 33316,
        "MinimumPrice": 139,
        "ProductTypeId": 2,
        "ColorsCount": 0,
        "IsComingSoon": false,
        "ROSValue": 7,
        "IsKidsProduct": false,
        "IsNew": false,
        "IsBestSeller": false,
        "IsExtra": false,
        "IsExclusive": false,
        "IsTrending": false,
        "TagPriority": ""
      },
      {
        "ProductURL": "charcoal-melange-men-ankle-socks-7036",
        "Collection": "Sport",
        "AvailableSizes": "FREE SIZE",
        "ProductId": 5848,
        "ProductCode": "949055920",
        "Images": "7036_charcoalmel11.jpg|7036_charcoalmel21.jpg|7036_charcoalmel31.jpg|7036_charcoalmel41.jpg",
        "ListImagePath": "https://static05.jockey.in/uploads/dealimages/6951/zoomimages/7036_charcoalmel11.jpg",
        "SmallImagePath": "https://Static05.Jockeyindia.com/uploads/dealimages/5848/smallimages/",
        "MRP": 139,
        "Price": 139,
        "ProductTitle": "Charcoal Melange Men Ankle Socks",
        "StyleName": "Men Ankle Socks",
        "StyleNumber": "7036",
        "SortOrder": 1,
        "NumberofPieces": 1,
        "NetQuantity": 2,
        "ListId": "7036 1",
        "ViewCount": 26938,
        "MinimumPrice": 139,
        "ProductTypeId": 2,
        "ColorsCount": 0,
        "IsComingSoon": false,
        "ROSValue": 7,
        "IsKidsProduct": false,
        "IsNew": false,
        "IsBestSeller": false,
        "IsExtra": false,
        "IsExclusive": false,
        "IsTrending": false,
        "TagPriority": ""
      },
      {
        "ProductURL": "assorted-women-low-ankle-socks-7472",
        "Collection": "Active",
        "AvailableSizes": "FREE SIZE",
        "ProductId": 10051,
        "ProductCode": "1002011454",
        "Images": "assorted-women-low-ankle-socks-7472-8.jpg|assorted-women-low-ankle-socks-7472-7.jpg|assorted-women-low-ankle-socks-7472-6.jpg|assorted-women-low-ankle-socks-7472-5.jpg|assorted-women-low-ankle-socks-7472-4.jpg|assorted-women-low-ankle-socks-7472-3.jpg|assorted-women-low-ankle-socks-7472-2.jpg|assorted-women-low-ankle-socks-7472-1.jpg",
        "ListImagePath": "https://static05.jockey.in/uploads/dealimages/10051/zoomimages/assorted-women-low-ankle-socks-7472-8.jpg",
        "SmallImagePath": "https://Static05.Jockeyindia.com/uploads/dealimages/10051/smallimages/",
        "MRP": 109,
        "Price": 109,
        "ProductTitle": "Assorted Women Low Ankle Socks",
        "StyleName": "Women Low Ankle Socks",
        "StyleNumber": "7472",
        "SortOrder": 1,
        "NumberofPieces": 1,
        "NetQuantity": 2,
        "ListId": "7472 1",
        "ViewCount": 3,
        "MinimumPrice": 109,
        "ProductTypeId": 2,
        "ColorsCount": 0,
        "IsComingSoon": false,
        "ROSValue": 7,
        "IsKidsProduct": false,
        "IsNew": false,
        "IsBestSeller": false,
        "IsExtra": false,
        "IsExclusive": false,
        "IsTrending": false,
        "TagPriority": ""
      },
      {
        "ProductURL": "black-bikini-ss02",
        "Collection": "Fashion Essentials",
        "AvailableSizes": "S,M,L,XL",
        "ProductId": 5666,
        "ProductCode": "524606247",
        "Images": "ss02_black11.jpg|ss02_black21.jpg|ss02_black31.jpg|ss02_black41.jpg|black-bikini-ss02-1.jpg",
        "ListImagePath": "https://static05.jockey.in/uploads/dealimages/5666/zoomimages/ss02_black11.jpg",
        "SmallImagePath": "https://Static05.Jockeyindia.com/uploads/dealimages/5666/smallimages/",
        "MRP": 175,
        "Price": 175,
        "ProductTitle": "Black Bikini",
        "StyleName": "Bikini",
        "StyleNumber": "SS02",
        "SortOrder": 1,
        "NumberofPieces": 1,
        "NetQuantity": 1,
        "ListId": "SS02 1",
        "ViewCount": 121251,
        "MinimumPrice": 175,
        "ProductTypeId": 2,
        "ColorsCount": 0,
        "IsComingSoon": false,
        "ROSValue": 6,
        "IsKidsProduct": false,
        "IsNew": false,
        "IsBestSeller": false,
        "IsExtra": false,
        "IsExclusive": false,
        "IsTrending": false,
        "TagPriority": ""
      },
      {
        "ProductURL": "black-sport-top-1582",
        "Collection": "Comfies",
        "AvailableSizes": "S,M,L,XL",
        "ProductId": 5104,
        "ProductCode": "1449712877",
        "Images": "1.jpg|2.jpg|3.jpg|4.jpg|5.jpg",
        "ListImagePath": "https://static05.jockey.in/uploads/dealimages/6502/detailimages/2714_black11.jpg",
        "SmallImagePath": "https://Static05.Jockeyindia.com/uploads/dealimages/5104/smallimages/",
        "MRP": 219,
        "Price": 219,
        "ProductTitle": "Black Sport Top",
        "StyleName": "Sport Top",
        "StyleNumber": "1582",
        "SortOrder": 1,
        "NumberofPieces": 1,
        "NetQuantity": 1,
        "ListId": "1582 1",
        "ViewCount": 47449,
        "MinimumPrice": 219,
        "ProductTypeId": 2,
        "ColorsCount": 0,
        "IsComingSoon": false,
        "ROSValue": 6,
        "IsKidsProduct": false,
        "IsNew": false,
        "IsBestSeller": false,
        "IsExtra": false,
        "IsExclusive": false,
        "IsTrending": false,
        "TagPriority": ""
      },
      {
        "ProductURL": "black-racerback-tank-top-1467",
        "Collection": "Athleisure",
        "AvailableSizes": "S,M,L,XL",
        "ProductId": 5053,
        "ProductCode": "504496825",
        "Images": "1.jpg|2.jpg|3.jpg|4.jpg|5.jpg",
        "ListImagePath": "https://static05.jockey.in/uploads/dealimages/5053/zoomimages/1.jpg",
        "SmallImagePath": "https://Static05.Jockeyindia.com/uploads/dealimages/5053/smallimages/",
        "MRP": 199,
        "Price": 199,
        "ProductTitle": "Black Racerback Tank Top",
        "StyleName": "Racerback Tank Top",
        "StyleNumber": "1467",
        "SortOrder": 1,
        "NumberofPieces": 1,
        "NetQuantity": 1,
        "ListId": "1467 1",
        "ViewCount": 140809,
        "MinimumPrice": 199,
        "ProductTypeId": 2,
        "ColorsCount": 0,
        "IsComingSoon": false,
        "ROSValue": 6,
        "IsKidsProduct": false,
        "IsNew": false,
        "IsBestSeller": false,
        "IsExtra": false,
        "IsExclusive": false,
        "IsTrending": false,
        "TagPriority": ""
      },
      {
        "ProductURL": "black-boy-leg-ss04",
        "Collection": "Fashion Essentials",
        "AvailableSizes": "S,M,L,XL",
        "ProductId": 5673,
        "ProductCode": "1465346641",
        "Images": "ss04_black11.jpg|ss04_black21.jpg|ss04_black31.jpg|ss04_black41.jpg|black-boy-leg-ss04-1.jpg",
        "ListImagePath": "https://static05.jockey.in/uploads/dealimages/5673/zoomimages/ss04_black11.jpg",
        "SmallImagePath": "https://Static05.Jockeyindia.com/uploads/dealimages/5673/smallimages/",
        "MRP": 185,
        "Price": 185,
        "ProductTitle": "Black Boy Leg",
        "StyleName": "Boy Leg",
        "StyleNumber": "SS04",
        "SortOrder": 1,
        "NumberofPieces": 1,
        "NetQuantity": 1,
        "ListId": "SS04 1",
        "ViewCount": 115605,
        "MinimumPrice": 185,
        "ProductTypeId": 2,
        "ColorsCount": 0,
        "IsComingSoon": false,
        "ROSValue": 6,
        "IsKidsProduct": false,
        "IsNew": false,
        "IsBestSeller": false,
        "IsExtra": false,
        "IsExclusive": false,
        "IsTrending": false,
        "TagPriority": ""
      }
,
      {
        "ProductURL": "charcoal-melange-thermal-long-john-2420",
        "Collection": "Thermal",
        "AvailableSizes": "M,L",
        "ProductId": 5184,
        "ProductCode": "1575529677",
        "Images": "2420_charcoal_mel_1.jpg|2420_charcoal_mel_2.jpg|2420_charcoal_mel_3.jpg|2420_charcoal_mel_4.jpg|2420_charcoal_mel_5.jpg",
        "ListImagePath": "https://static05.jockey.in/uploads/dealimages/5184/detailimages/2420_charcoal_mel_2.jpg",
        "SmallImagePath": "https://Static05.Jockeyindia.com/uploads/dealimages/5184/smallimages/",
        "MRP": 599,
        "Price": 599,
        "ProductTitle": "Charcoal Melange Thermal Long John",
        "StyleName": "Thermal Long John",
        "StyleNumber": "2420",
        "SortOrder": 1,
        "NumberofPieces": 1,
        "NetQuantity": 1,
        "ListId": "2420 1",
        "ViewCount": 73416,
        "MinimumPrice": 599,
        "ProductTypeId": 2,
        "ColorsCount": 0,
        "IsComingSoon": false,
        "ROSValue": 6,
        "IsKidsProduct": false,
        "IsNew": false,
        "IsBestSeller": false,
        "IsExtra": false,
        "IsExclusive": false,
        "IsTrending": false,
        "TagPriority": ""
      },
      {
        "ProductURL": "black-men-ankle-socks-7036",
        "Collection": "Sport",
        "AvailableSizes": "FREE SIZE",
        "ProductId": 5847,
        "ProductCode": "668661357",
        "Images": "7036_black11.jpg|7036_black21.jpg|7036_black31.jpg|7036_black41.jpg",
        "ListImagePath": "https://static05.jockey.in/uploads/dealimages/5847/zoomimages/7036_black11.jpg",
        "SmallImagePath": "https://Static05.Jockeyindia.com/uploads/dealimages/5847/smallimages/",
        "MRP": 139,
        "Price": 139,
        "ProductTitle": "Black Men Ankle Socks",
        "StyleName": "Men Ankle Socks",
        "StyleNumber": "7036",
        "SortOrder": 1,
        "NumberofPieces": 1,
        "NetQuantity": 2,
        "ListId": "7036 1",
        "ViewCount": 30348,
        "MinimumPrice": 139,
        "ProductTypeId": 2,
        "ColorsCount": 0,
        "IsComingSoon": false,
        "ROSValue": 6,
        "IsKidsProduct": false,
        "IsNew": false,
        "IsBestSeller": false,
        "IsExtra": false,
        "IsExclusive": false,
        "IsTrending": false,
        "TagPriority": ""
      },
      {
        "ProductURL": "black-men-formal-socks-7390",
        "Collection": "International Collection",
        "AvailableSizes": "FREE SIZE",
        "ProductId": 5964,
        "ProductCode": "1888314730",
        "Images": "7390_black11.jpg|7390_black21.jpg|7390_black31.jpg|7390_black41.jpg",
        "ListImagePath": "https://static05.jockey.in/uploads/dealimages/6001/zoomimages/7192_jet_black_11.jpg",
        "SmallImagePath": "https://Static05.Jockeyindia.com/uploads/dealimages/5964/smallimages/",
        "MRP": 169,
        "Price": 169,
        "ProductTitle": "Black Men Formal Socks",
        "StyleName": "Men Formal Socks",
        "StyleNumber": "7390",
        "SortOrder": 1,
        "NumberofPieces": 1,
        "NetQuantity": 2,
        "ListId": "7390 1",
        "ViewCount": 17988,
        "MinimumPrice": 169,
        "ProductTypeId": 2,
        "ColorsCount": 0,
        "IsComingSoon": false,
        "ROSValue": 6,
        "IsKidsProduct": false,
        "IsNew": false,
        "IsBestSeller": false,
        "IsExtra": false,
        "IsExclusive": false,
        "IsTrending": false,
        "TagPriority": ""
      },
      {
        "ProductURL": "white-mens-low-show-socks-7097",
        "Collection": "24X7 Men",
        "AvailableSizes": "FREE SIZE",
        "ProductId": 10495,
        "ProductCode": "459811517",
        "Images": "white-mens-low-show-socks-7097-4.jpg|white-mens-low-show-socks-7097-3.jpg|white-mens-low-show-socks-7097-2.jpg|white-mens-low-show-socks-7097-1.jpg",
        "ListImagePath": "https://static05.jockey.in/uploads/dealimages/10495/zoomimages/white-mens-low-show-socks-7097-3.jpg",
        "SmallImagePath": "https://Static05.Jockeyindia.com/uploads/dealimages/10495/smallimages/",
        "MRP": 99,
        "Price": 99,
        "ProductTitle": "White Mens Low Show Socks",
        "StyleName": "Men Low Show Socks",
        "StyleNumber": "7097",
        "SortOrder": 1,
        "NumberofPieces": 1,
        "NetQuantity": 2,
        "ListId": "7097 1",
        "ViewCount": 1,
        "MinimumPrice": 99,
        "ProductTypeId": 2,
        "ColorsCount": 0,
        "IsComingSoon": false,
        "ROSValue": 6,
        "IsKidsProduct": false,
        "IsNew": true,
        "IsBestSeller": false,
        "IsExtra": false,
        "IsExclusive": false,
        "IsTrending": false,
        "TagPriority": "New"
      },
      {
        "ProductURL": "dark-assorted-bikini-pack-of-3-1410",
        "Collection": "Simple Comfort",
        "AvailableSizes": "S,M,L,XL,XXL",
        "ProductId": 5487,
        "ProductCode": "1771854350",
        "Images": "1410_dastd_12.jpg|1410_dastd_21.jpg|1410_dastd_31.jpg|1410_dastd_41.jpg|1410_dastd_51.jpg|1410_dastd_61.jpg|1410_dastd_71.jpg|1410_dastd_81.jpg|1410_dastd_91.jpg|1410_dastd_101.jpg|1410_dastd_111.jpg|dark-assorted-bikini-pack-of-3-1410-1.jpg",
        "ListImagePath": "https://static05.jockey.in/uploads/dealimages/5487/detailimages/1410_dastd_12.jpg",
        "SmallImagePath": "https://Static05.Jockeyindia.com/uploads/dealimages/5487/smallimages/",
        "MRP": 389,
        "Price": 389,
        "ProductTitle": "Dark Assorted Bikini Pack of 3",
        "StyleName": "Bikini",
        "StyleNumber": "1410",
        "SortOrder": 1,
        "NumberofPieces": 3,
        "NetQuantity": 3,
        "ListId": "1410 3",
        "ViewCount": 105265,
        "MinimumPrice": 389,
        "ProductTypeId": 2,
        "ColorsCount": 0,
        "IsComingSoon": false,
        "ROSValue": 5,
        "IsKidsProduct": false,
        "IsNew": false,
        "IsBestSeller": false,
        "IsExtra": false,
        "IsExclusive": false,
        "IsTrending": false,
        "TagPriority": ""
      },
      {
        "ProductURL": "dark-assorted-hipster-pack-of-3-1406",
        "Collection": "Simple Comfort",
        "AvailableSizes": "S,M,L,XL,XXL",
        "ProductId": 5482,
        "ProductCode": "355586625",
        "Images": "1406_dastd_12.jpg|1406_dastd_21.jpg|1406_dastd_31.jpg|1406_dastd_41.jpg|dark-assorted-hipster-pack-of-3-1406-2.jpg|1406_dastd_61.jpg|1406_dastd_71.jpg|dark-assorted-hipster-pack-of-3-1406-3.jpg|1406_dastd_91.jpg|1406_dastd_101.jpg|dark-assorted-hipster-pack-of-3-1406-4.jpg|dark-assorted-hipster-pack-of-3-1406-1.jpg",
        "ListImagePath": "https://static05.jockey.in/uploads/dealimages/5482/zoomimages/1406_dastd_41.jpg",
        "SmallImagePath": "https://Static05.Jockeyindia.com/uploads/dealimages/5482/smallimages/",
        "MRP": 389,
        "Price": 389,
        "ProductTitle": "Dark Assorted Hipster Pack of 3",
        "StyleName": "Hipster",
        "StyleNumber": "1406",
        "SortOrder": 1,
        "NumberofPieces": 3,
        "NetQuantity": 3,
        "ListId": "1406 3",
        "ViewCount": 90018,
        "MinimumPrice": 389,
        "ProductTypeId": 2,
        "ColorsCount": 0,
        "IsComingSoon": false,
        "ROSValue": 5,
        "IsKidsProduct": false,
        "IsNew": false,
        "IsBestSeller": false,
        "IsExtra": false,
        "IsExclusive": false,
        "IsTrending": false,
        "TagPriority": ""
      },
      {
        "ProductURL": "khaki-men-crew-socks-7035",
        "Collection": "Sport",
        "AvailableSizes": "FREE SIZE",
        "ProductId": 7147,
        "ProductCode": "1427109849",
        "Images": "7035_khaki111.jpg|7035_khaki21.jpg|7035_khaki31.jpg|7035_khaki41.jpg",
        "ListImagePath": "https://static05.jockey.in/uploads/dealimages/7147/zoomimages/7035_khaki21.jpg",
        "SmallImagePath": "https://Static05.Jockeyindia.com/uploads/dealimages/7147/smallimages/",
        "MRP": 139,
        "Price": 139,
        "ProductTitle": "Khaki Men Crew Socks",
        "StyleName": "Men Crew Socks",
        "StyleNumber": "7035",
        "SortOrder": 1,
        "NumberofPieces": 1,
        "NetQuantity": 2,
        "ListId": "7035 1",
        "ViewCount": 14800,
        "MinimumPrice": 139,
        "ProductTypeId": 2,
        "ColorsCount": 0,
        "IsComingSoon": false,
        "ROSValue": 5,
        "IsKidsProduct": false,
        "IsNew": false,
        "IsBestSeller": false,
        "IsExtra": false,
        "IsExclusive": false,
        "IsTrending": false,
        "TagPriority": ""
      },
      {
        "ProductURL": "navy-men-low-show-socks-7097",
        "Collection": "24X7 Men",
        "AvailableSizes": "FREE SIZE",
        "ProductId": 6682,
        "ProductCode": "489588895",
        "Images": "7097_navy21.jpg|7097_navy11.jpg|7097_navy31.jpg|7097_navy41.jpg",
        "ListImagePath": "https://static05.jockey.in/uploads/dealimages/6682/zoomimages/7097_navy21.jpg",
        "SmallImagePath": "https://Static05.Jockeyindia.com/uploads/dealimages/6682/smallimages/",
        "MRP": 99,
        "Price": 99,
        "ProductTitle": "Navy Men Low Show Socks",
        "StyleName": "Men Low Show Socks",
        "StyleNumber": "7097",
        "SortOrder": 1,
        "NumberofPieces": 1,
        "NetQuantity": 2,
        "ListId": "7097 1",
        "ViewCount": 2342,
        "MinimumPrice": 99,
        "ProductTypeId": 2,
        "ColorsCount": 0,
        "IsComingSoon": false,
        "ROSValue": 5,
        "IsKidsProduct": false,
        "IsNew": false,
        "IsBestSeller": false,
        "IsExtra": false,
        "IsExclusive": false,
        "IsTrending": false,
        "TagPriority": ""
      },
      {
        "ProductURL": "white-ankle-socks-7002",
        "Collection": "USA Originals",
        "AvailableSizes": "FREE SIZE",
        "ProductId": 7103,
        "ProductCode": "1557085958",
        "Images": "7002_white11.jpg|7002_white21.jpg|7002_white31.jpg|7002_white41.jpg",
        "ListImagePath": "https://static05.jockey.in/uploads/dealimages/7103/zoomimages/7002_white11.jpg",
        "SmallImagePath": "https://Static05.Jockeyindia.com/uploads/dealimages/7103/smallimages/",
        "MRP": 119,
        "Price": 119,
        "ProductTitle": "White Ankle Socks",
        "StyleName": "Ankle Socks",
        "StyleNumber": "7002",
        "SortOrder": 1,
        "NumberofPieces": 1,
        "NetQuantity": 2,
        "ListId": "7002 1",
        "ViewCount": 45156,
        "MinimumPrice": 119,
        "ProductTypeId": 2,
        "ColorsCount": 0,
        "IsComingSoon": false,
        "ROSValue": 5,
        "IsKidsProduct": false,
        "IsNew": false,
        "IsBestSeller": false,
        "IsExtra": false,
        "IsExclusive": false,
        "IsTrending": false,
        "TagPriority": ""
      },
      {
        "ProductURL": "mid-grey-melange-men-crew-socks-7035",
        "Collection": "Sport",
        "AvailableSizes": "FREE SIZE",
        "ProductId": 10097,
        "ProductCode": "512175159",
        "Images": "mid-grey-melange-men-crew-socks-7035-3.jpg|mid-grey-melange-men-crew-socks-7035-2.jpg|mid-grey-melange-men-crew-socks-7035-1.jpg",
        "ListImagePath": "https://static05.jockey.in/uploads/dealimages/10097/zoomimages/mid-grey-melange-men-crew-socks-7035-10.jpg",
        "SmallImagePath": "https://Static05.Jockeyindia.com/uploads/dealimages/10097/smallimages/",
        "MRP": 139,
        "Price": 139,
        "ProductTitle": "Mid Grey Melange Men Crew Socks",
        "StyleName": "Men Crew Socks",
        "StyleNumber": "7035",
        "SortOrder": 1,
        "NumberofPieces": 1,
        "NetQuantity": 2,
        "ListId": "7035 1",
        "ViewCount": 1,
        "MinimumPrice": 139,
        "ProductTypeId": 2,
        "ColorsCount": 0,
        "IsComingSoon": false,
        "ROSValue": 5,
        "IsKidsProduct": false,
        "IsNew": true,
        "IsBestSeller": false,
        "IsExtra": false,
        "IsExclusive": false,
        "IsTrending": false,
        "TagPriority": "New"
      },
      {
        "ProductURL": "charcoal-melange-men-crew-socks-7035",
        "Collection": "Sport",
        "AvailableSizes": "FREE SIZE",
        "ProductId": 5967,
        "ProductCode": "916512519",
        "Images": "7035_charcoalmel11.jpg|7035_charcoalmel21.jpg|7035_charcoalmel31.jpg|7035_charcoalmel41.jpg",
        "ListImagePath": "https://static05.jockey.in/uploads/dealimages/5967/zoomimages/7035_charcoalmel11.jpg",
        "SmallImagePath": "https://Static05.Jockeyindia.com/uploads/dealimages/5967/smallimages/",
        "MRP": 139,
        "Price": 139,
        "ProductTitle": "Charcoal Melange Men Crew Socks",
        "StyleName": "Men Crew Socks",
        "StyleNumber": "7035",
        "SortOrder": 1,
        "NumberofPieces": 1,
        "NetQuantity": 2,
        "ListId": "7035 1",
        "ViewCount": 15672,
        "MinimumPrice": 139,
        "ProductTypeId": 2,
        "ColorsCount": 0,
        "IsComingSoon": false,
        "ROSValue": 5,
        "IsKidsProduct": false,
        "IsNew": false,
        "IsBestSeller": false,
        "IsExtra": false,
        "IsExclusive": false,
        "IsTrending": false,
        "TagPriority": ""
      },
      {
        "ProductURL": "mid-grey-melange-men-ankle-socks-7036",
        "Collection": "Sport",
        "AvailableSizes": "FREE SIZE",
        "ProductId": 9199,
        "ProductCode": "534750690",
        "Images": "mid-grey-melange-men-ankle-socks-7036-7.jpg|mid-grey-melange-men-ankle-socks-7036-6.jpg|mid-grey-melange-men-ankle-socks-7036-5.jpg|mid-grey-melange-men-ankle-socks-7036-4.jpg|mid-grey-melange-men-ankle-socks-7036-3.jpg|mid-grey-melange-men-ankle-socks-7036-2.jpg|mid-grey-melange-men-ankle-socks-7036-1.jpg",
        "ListImagePath": "https://venkateswarauniforms.com/wp-content/uploads/2020/02/mid-grey-melange-men-ankle-socks-7036-3.jpg",
        "SmallImagePath": "https://Static05.Jockeyindia.com/uploads/dealimages/9199/smallimages/",
        "MRP": 139,
        "Price": 139,
        "ProductTitle": "Mid Grey Melange Men Ankle Socks",
        "StyleName": "Men Ankle Socks",
        "StyleNumber": "7036",
        "SortOrder": 1,
        "NumberofPieces": 1,
        "NetQuantity": 2,
        "ListId": "7036 1",
        "ViewCount": 1,
        "MinimumPrice": 139,
        "ProductTypeId": 2,
        "ColorsCount": 0,
        "IsComingSoon": false,
        "ROSValue": 5,
        "IsKidsProduct": false,
        "IsNew": true,
        "IsBestSeller": false,
        "IsExtra": false,
        "IsExclusive": false,
        "IsTrending": false,
        "TagPriority": "New"
      }
,
      {
        "ProductURL": "black-men-low-show-socks-7097",
        "Collection": "24X7 Men",
        "AvailableSizes": "FREE SIZE",
        "ProductId": 6684,
        "ProductCode": "885408693",
        "Images": "7097_black21.jpg|7097_black11.jpg|7097_black31.jpg|7097_black41.jpg",
        "ListImagePath": "https://static05.jockey.in/uploads/dealimages/9574/zoomimages/charcoal-melange-assorted-neon-colors-men-low-show-socks-7052-14.jpg",
        "SmallImagePath": "https://Static05.Jockeyindia.com/uploads/dealimages/6684/smallimages/",
        "MRP": 99,
        "Price": 99,
        "ProductTitle": "Black Men Low Show Socks",
        "StyleName": "Men Low Show Socks",
        "StyleNumber": "7097",
        "SortOrder": 1,
        "NumberofPieces": 1,
        "NetQuantity": 2,
        "ListId": "7097 1",
        "ViewCount": 3085,
        "MinimumPrice": 99,
        "ProductTypeId": 2,
        "ColorsCount": 0,
        "IsComingSoon": false,
        "ROSValue": 5,
        "IsKidsProduct": false,
        "IsNew": false,
        "IsBestSeller": false,
        "IsExtra": false,
        "IsExclusive": false,
        "IsTrending": false,
        "TagPriority": ""
      },
      {
        "ProductURL": "mid-grey-melange-men-low-show-socks-7097",
        "Collection": "24X7 Men",
        "AvailableSizes": "FREE SIZE",
        "ProductId": 9635,
        "ProductCode": "275837058",
        "Images": "mid-grey-melange-men-low-show-socks-7097-3.jpg|mid-grey-melange-men-low-show-socks-7097-4.jpg|mid-grey-melange-men-low-show-socks-7097-5.jpg|mid-grey-melange-men-low-show-socks-7097-6.jpg",
        "ListImagePath": "https://images-static.nykaa.com/media/catalog/product/5/4/54757207052-midgreymelange_assortedneoncolors_1.jpg",
        "SmallImagePath": "https://Static05.Jockeyindia.com/uploads/dealimages/9635/smallimages/",
        "MRP": 99,
        "Price": 99,
        "ProductTitle": "Mid Grey Melange Men Low Show Socks",
        "StyleName": "Men Low Show Socks",
        "StyleNumber": "7097",
        "SortOrder": 1,
        "NumberofPieces": 1,
        "NetQuantity": 2,
        "ListId": "7097 1",
        "ViewCount": 1,
        "MinimumPrice": 99,
        "ProductTypeId": 2,
        "ColorsCount": 0,
        "IsComingSoon": false,
        "ROSValue": 5,
        "IsKidsProduct": false,
        "IsNew": true,
        "IsBestSeller": false,
        "IsExtra": false,
        "IsExclusive": false,
        "IsTrending": false,
        "TagPriority": "New"
      },
      {
        "ProductURL": "charcoal-melange-thermal-long-sleeve-vest-2401",
        "Collection": "Thermal",
        "AvailableSizes": "XS,S,M,L,XL",
        "ProductId": 5182,
        "ProductCode": "865436502",
        "Images": "2401_charcoalmel11.jpg|2401_charcoalmel21.jpg|2401_charcoalmel31.jpg|2401_charcoalmel41.jpg|2401_charcoalmel51.jpg",
        "ListImagePath": "https://static05.jockey.in/uploads/dealimages/5182/zoomimages/2401_charcoalmel11.jpg",
        "SmallImagePath": "https://Static05.Jockeyindia.com/uploads/dealimages/5182/smallimages/",
        "MRP": 599,
        "Price": 599,
        "ProductTitle": "Charcoal Melange Thermal Long Sleeve Vest",
        "StyleName": "Thermal Long Sleeve Vest",
        "StyleNumber": "2401",
        "SortOrder": 1,
        "NumberofPieces": 1,
        "NetQuantity": 1,
        "ListId": "2401 1",
        "ViewCount": 60622,
        "MinimumPrice": 599,
        "ProductTypeId": 2,
        "ColorsCount": 0,
        "IsComingSoon": false,
        "ROSValue": 4,
        "IsKidsProduct": false,
        "IsNew": false,
        "IsBestSeller": false,
        "IsExtra": false,
        "IsExclusive": false,
        "IsTrending": false,
        "TagPriority": ""
      },
      {
        "ProductURL": "white-basic-undershirt-pack-of-3-8820",
        "Collection": "Modern Classic",
        "AvailableSizes": "S,M,L,XL,XXL",
        "ProductId": 7490,
        "ProductCode": "585394309",
        "Images": "8820_white_1.jpg|8820_white_2.jpg|8820_white_3.jpg|8820_white_4.jpg|8820_white_5.jpg",
        "ListImagePath": "https://static05.jockey.in/uploads/dealimages/5371/zoomimages/8820_white_1.jpg",
        "SmallImagePath": "https://Static05.Jockeyindia.com/uploads/dealimages/7490/smallimages/",
        "MRP": 477,
        "Price": 477,
        "ProductTitle": "White Basic Undershirt Pack of 3",
        "StyleName": "Basic Undershirt",
        "StyleNumber": "8820",
        "SortOrder": 1,
        "NumberofPieces": 3,
        "NetQuantity": 3,
        "ListId": "8820 3",
        "ViewCount": 89351,
        "MinimumPrice": 477,
        "ProductTypeId": 2,
        "ColorsCount": 0,
        "IsComingSoon": false,
        "ROSValue": 4,
        "IsKidsProduct": false,
        "IsNew": false,
        "IsBestSeller": false,
        "IsExtra": false,
        "IsExclusive": false,
        "IsTrending": false,
        "TagPriority": ""
      },
      {
        "ProductURL": "white-square-neck-vest-us26",
        "Collection": "Zone",
        "AvailableSizes": "S,M,L,XL",
        "ProductId": 5772,
        "ProductCode": "1956303709",
        "Images": "white-square-neck-vest-us26-5.jpg|white-square-neck-vest-us26-4.jpg|white-square-neck-vest-us26-3.jpg|white-square-neck-vest-us26-2.jpg|white-square-neck-vest-us26-1.jpg",
        "ListImagePath": "https://static05.jockey.in/uploads/dealimages/5772/zoomimages/white-square-neck-vest-us26-5.jpg",
        "SmallImagePath": "https://Static05.Jockeyindia.com/uploads/dealimages/5772/smallimages/",
        "MRP": 249,
        "Price": 249,
        "ProductTitle": "White Square Neck Vest",
        "StyleName": "Square Neck Vest",
        "StyleNumber": "US26",
        "SortOrder": 1,
        "NumberofPieces": 1,
        "NetQuantity": 1,
        "ListId": "US26 1",
        "ViewCount": 56745,
        "MinimumPrice": 249,
        "ProductTypeId": 2,
        "ColorsCount": 0,
        "IsComingSoon": false,
        "ROSValue": 4,
        "IsKidsProduct": false,
        "IsNew": false,
        "IsBestSeller": false,
        "IsExtra": false,
        "IsExclusive": false,
        "IsTrending": false,
        "TagPriority": ""
      },
      {
        "ProductURL": "skin-sport-top-1582",
        "Collection": "Comfies",
        "AvailableSizes": "S,M,L,XL",
        "ProductId": 5106,
        "ProductCode": "1363929860",
        "Images": "1.jpg|2.jpg|3.jpg|4.jpg|5.jpg",
        "ListImagePath": "https://images-static.nykaa.com/media/catalog/product/tr:h-800,w-800,cm-pad_resize/m/_/m_jok000382_.jpg",
        "SmallImagePath": "https://Static05.Jockeyindia.com/uploads/dealimages/5106/smallimages/",
        "MRP": 219,
        "Price": 219,
        "ProductTitle": "Skin Sport Top",
        "StyleName": "Sport Top",
        "StyleNumber": "1582",
        "SortOrder": 1,
        "NumberofPieces": 1,
        "NetQuantity": 1,
        "ListId": "1582 1",
        "ViewCount": 33695,
        "MinimumPrice": 219,
        "ProductTypeId": 2,
        "ColorsCount": 0,
        "IsComingSoon": false,
        "ROSValue": 4,
        "IsKidsProduct": false,
        "IsNew": false,
        "IsBestSeller": false,
        "IsExtra": false,
        "IsExclusive": false,
        "IsTrending": false,
        "TagPriority": ""
      },
      {
        "ProductURL": "black-square-neck-vest-us26",
        "Collection": "Zone",
        "AvailableSizes": "S,M,L,XL",
        "ProductId": 5769,
        "ProductCode": "523612786",
        "Images": "black-square-neck-vest-us26-5.jpg|black-square-neck-vest-us26-4.jpg|black-square-neck-vest-us26-3.jpg|black-square-neck-vest-us26-2.jpg|black-square-neck-vest-us26-1.jpg",
        "ListImagePath": "https://static05.jockey.in/uploads/dealimages/5769/zoomimages/black-square-neck-vest-us26-4.jpg",
        "SmallImagePath": "https://Static05.Jockeyindia.com/uploads/dealimages/5769/smallimages/",
        "MRP": 249,
        "Price": 249,
        "ProductTitle": "Black Square Neck Vest",
        "StyleName": "Square Neck Vest",
        "StyleNumber": "US26",
        "SortOrder": 1,
        "NumberofPieces": 1,
        "NetQuantity": 1,
        "ListId": "US26 1",
        "ViewCount": 73973,
        "MinimumPrice": 249,
        "ProductTypeId": 2,
        "ColorsCount": 0,
        "IsComingSoon": false,
        "ROSValue": 4,
        "IsKidsProduct": false,
        "IsNew": false,
        "IsBestSeller": false,
        "IsExtra": false,
        "IsExclusive": false,
        "IsTrending": false,
        "TagPriority": ""
      },
      {
        "ProductURL": "white-modern-undershirt-pack-of-2-8823",
        "Collection": "Elance",
        "AvailableSizes": "S,M,XL",
        "ProductId": 7492,
        "ProductCode": "1035264063",
        "Images": "white-modern-undershirt-pack-of-2-8823-5.jpg|white-modern-undershirt-pack-of-2-8823-4.jpg|white-modern-undershirt-pack-of-2-8823-3.jpg|white-modern-undershirt-pack-of-2-8823-2.jpg|white-modern-undershirt-pack-of-2-8823-1.jpg",
        "ListImagePath": "https://static05.jockey.in/uploads/dealimages/5375/zoomimages/white-modern-under-shirt-pack-of-2-8823-5.jpg",
        "SmallImagePath": "https://Static05.Jockeyindia.com/uploads/dealimages/7492/smallimages/",
        "MRP": 418,
        "Price": 418,
        "ProductTitle": "White Modern Undershirt Pack of 2",
        "StyleName": "Modern Undershirt",
        "StyleNumber": "8823",
        "SortOrder": 1,
        "NumberofPieces": 2,
        "NetQuantity": 2,
        "ListId": "8823 2",
        "ViewCount": 84187,
        "MinimumPrice": 418,
        "ProductTypeId": 2,
        "ColorsCount": 0,
        "IsComingSoon": false,
        "ROSValue": 4,
        "IsKidsProduct": false,
        "IsNew": false,
        "IsBestSeller": false,
        "IsExtra": false,
        "IsExclusive": false,
        "IsTrending": false,
        "TagPriority": ""
      },
      {
        "ProductURL": "navy-men-ankle-socks-7036",
        "Collection": "Sport",
        "AvailableSizes": "FREE SIZE",
        "ProductId": 6736,
        "ProductCode": "1393854930",
        "Images": "7036_navy11.jpg|7036_navy21.jpg|7036_navy31.jpg|7036_navy41.jpg",
        "ListImagePath": "https://static05.jockey.in/uploads/dealimages/6736/zoomimages/7036_navy11.jpg",
        "SmallImagePath": "https://Static05.Jockeyindia.com/uploads/dealimages/6736/smallimages/",
        "MRP": 139,
        "Price": 139,
        "ProductTitle": "Navy Men Ankle Socks",
        "StyleName": "Men Ankle Socks",
        "StyleNumber": "7036",
        "SortOrder": 1,
        "NumberofPieces": 1,
        "NetQuantity": 2,
        "ListId": "7036 1",
        "ViewCount": 35808,
        "MinimumPrice": 139,
        "ProductTypeId": 2,
        "ColorsCount": 0,
        "IsComingSoon": false,
        "ROSValue": 4,
        "IsKidsProduct": false,
        "IsNew": false,
        "IsBestSeller": false,
        "IsExtra": false,
        "IsExclusive": false,
        "IsTrending": false,
        "TagPriority": ""
      },
      {
        "ProductURL": "jet-black-men-formal-socks-7192",
        "Collection": "Elance",
        "AvailableSizes": "FREE SIZE",
        "ProductId": 6001,
        "ProductCode": "183988775",
        "Images": "7192_jet_black_11.jpg|7192_jet_black_21.jpg|7192_jet_black_31.jpg|7192_jet_black_41.jpg",
        "ListImagePath": "https://static05.jockey.in/uploads/dealimages/6001/zoomimages/7192_jet_black_11.jpg",
        "SmallImagePath": "https://Static05.Jockeyindia.com/uploads/dealimages/6001/smallimages/",
        "MRP": 129,
        "Price": 129,
        "ProductTitle": "Jet Black Men Formal Socks",
        "StyleName": "Men Formal Socks",
        "StyleNumber": "7192",
        "SortOrder": 1,
        "NumberofPieces": 1,
        "NetQuantity": 2,
        "ListId": "7192 1",
        "ViewCount": 25943,
        "MinimumPrice": 129,
        "ProductTypeId": 2,
        "ColorsCount": 0,
        "IsComingSoon": false,
        "ROSValue": 4,
        "IsKidsProduct": false,
        "IsNew": false,
        "IsBestSeller": false,
        "IsExtra": false,
        "IsExclusive": false,
        "IsTrending": false,
        "TagPriority": ""
      },
      {
        "ProductURL": "mid-grey-men-low-show-socks-7097",
        "Collection": "24X7 Men",
        "AvailableSizes": "FREE SIZE",
        "ProductId": 10047,
        "ProductCode": "566211111",
        "Images": "mid-grey-men-low-show-socks-7097-5.jpg|mid-grey-men-low-show-socks-7097-6.jpg|mid-grey-men-low-show-socks-7097-7.jpg|mid-grey-men-low-show-socks-7097-8.jpg|mid-grey-men-low-show-socks-7097-9.jpg|mid-grey-men-low-show-socks-7097-10.jpg|mid-grey-men-low-show-socks-7097-11.jpg",
        "ListImagePath": "https://img.looksgud.com/upload/item-image/689/es3m/es3m-balenzia-men-s-mid-calf-length-socks-no-show-socks-low-cut_500x500_1.jpg",
        "SmallImagePath": "https://Static05.Jockeyindia.com/uploads/dealimages/10047/smallimages/",
        "MRP": 99,
        "Price": 99,
        "ProductTitle": "Mid Grey Men Low Show Socks",
        "StyleName": "Men Low Show Socks",
        "StyleNumber": "7097",
        "SortOrder": 1,
        "NumberofPieces": 1,
        "NetQuantity": 2,
        "ListId": "7097 1",
        "ViewCount": 0,
        "MinimumPrice": 99,
        "ProductTypeId": 2,
        "ColorsCount": 0,
        "IsComingSoon": false,
        "ROSValue": 4,
        "IsKidsProduct": false,
        "IsNew": false,
        "IsBestSeller": false,
        "IsExtra": false,
        "IsExclusive": false,
        "IsTrending": false,
        "TagPriority": ""
      },
      {
        "ProductURL": "grey-melange-basic-undershirt-8820",
        "Collection": "Modern Classic",
        "AvailableSizes": "S",
        "ProductId": 8888,
        "ProductCode": "1376208753",
        "Images": "grey-melange-basic-undershirt-8820-5.jpg|grey-melange-basic-undershirt-8820-4.jpg|grey-melange-basic-undershirt-8820-3.jpg|grey-melange-basic-undershirt-8820-2.jpg|grey-melange-basic-undershirt-8820-1.jpg",
        "ListImagePath": "https://static05.jockey.in/uploads/dealimages/6752/listimages/grey-melange-and-teal-green-vest-fp04-5.jpg",
        "SmallImagePath": "https://Static05.Jockeyindia.com/uploads/dealimages/8888/smallimages/",
        "MRP": 179,
        "Price": 179,
        "ProductTitle": "Grey Melange Basic Undershirt",
        "StyleName": "Basic Undershirt",
        "StyleNumber": "8820",
        "SortOrder": 1,
        "NumberofPieces": 1,
        "NetQuantity": 1,
        "ListId": "8820 1",
        "ViewCount": 9781,
        "MinimumPrice": 179,
        "ProductTypeId": 2,
        "ColorsCount": 0,
        "IsComingSoon": false,
        "ROSValue": 4,
        "IsKidsProduct": false,
        "IsNew": false,
        "IsBestSeller": false,
        "IsExtra": false,
        "IsExclusive": false,
        "IsTrending": false,
        "TagPriority": ""
      }
    ]